{

    "metadata" :
    {
        "formatVersion" : 3,
        "generatedBy"   : "Blender 2.62 Exporter",
        "vertices"      : 96,
        "faces"         : 92,
        "normals"       : 28,
        "colors"        : 0,
        "uvs"           : 0,
        "materials"     : 1,
        "morphTargets"  : 0
    },

    "scale" : 1.000000,

    "materials": [	{
	"DbgColor" : 15658734,
	"DbgIndex" : 0,
	"DbgName" : "material_7.001",
	"colorAmbient" : [0.0, 0.0, 0.0],
	"colorDiffuse" : [0.800000011920929, 0.800000011920929, 0.800000011920929],
	"colorSpecular" : [0.5, 0.5, 0.5],
	"shading" : "Lambert",
	"specularCoef" : 50,
	"transparency" : 1.0,
	"vertexColors" : true
	}],

    "vertices": [-43.341026,15.953538,-17.505081,-44.309326,15.953539,2.562401,-45.146141,15.953539,-7.535072,-40.887600,15.953540,12.099236,-39.016991,15.953538,-26.668167,-35.114155,15.953540,20.425499,-32.468719,15.953538,-34.399872,-27.382439,15.953541,26.973778,-24.142450,15.953537,-40.173309,-18.219358,15.953541,31.297806,-14.605618,15.953537,-43.595047,-8.249355,15.953541,33.102921,-4.508141,15.953537,-44.431870,1.848122,15.953541,32.266106,5.461861,15.953537,-42.626755,11.384956,15.953541,28.844383,14.624947,15.953538,-38.302704,19.711220,15.953540,23.070938,22.356659,15.953538,-31.754440,26.259499,15.953540,15.339226,28.130104,15.953538,-23.428177,30.583534,15.953540,6.176140,31.551834,15.953539,-13.891335,32.388649,15.953539,-3.793861,31.551834,15.953539,-13.891335,32.388649,56.766041,-3.793863,32.388649,15.953539,-3.793861,31.551834,56.766037,-13.891336,30.583534,56.766041,6.176138,30.583534,15.953540,6.176140,26.259499,56.766041,15.339224,26.259499,15.953540,15.339226,19.711220,56.766041,23.070936,19.711220,15.953540,23.070938,11.384956,15.953541,28.844383,11.384956,56.766041,28.844381,1.848122,15.953541,32.266106,1.848122,56.766041,32.266106,-8.249355,15.953541,33.102921,-8.249355,56.766041,33.102921,-18.219358,15.953541,31.297806,-18.219358,56.766041,31.297804,-27.382439,15.953541,26.973778,-27.382439,56.766041,26.973776,-35.114155,15.953540,20.425499,-35.114155,56.766041,20.425497,-40.887600,56.766041,12.099234,-40.887600,15.953540,12.099236,-44.309326,56.766041,2.562399,-44.309326,15.953539,2.562401,-45.146141,56.766037,-7.535074,-45.146141,15.953539,-7.535072,-43.341026,56.766037,-17.505083,-43.341026,15.953538,-17.505081,-39.016991,56.766037,-26.668169,-39.016991,15.953538,-26.668167,-32.468719,56.766037,-34.399872,-32.468719,15.953538,-34.399872,-24.142450,15.953537,-40.173309,-24.142450,56.766037,-40.173309,-14.605618,15.953537,-43.595047,-14.605618,56.766037,-43.595047,-4.508141,15.953537,-44.431870,-4.508141,56.766037,-44.431870,5.461861,15.953537,-42.626755,5.461861,56.766037,-42.626755,14.624947,15.953538,-38.302704,14.624947,56.766037,-38.302704,22.356659,15.953538,-31.754440,22.356659,56.766037,-31.754442,28.130104,56.766037,-23.428179,28.130104,15.953538,-23.428177,-44.309326,56.766041,2.562399,-43.341026,56.766037,-17.505083,-45.146141,56.766037,-7.535074,-40.887600,56.766041,12.099234,-39.016991,56.766037,-26.668169,-35.114155,56.766041,20.425497,-32.468719,56.766037,-34.399872,-27.382439,56.766041,26.973776,-24.142450,56.766037,-40.173309,-18.219358,56.766041,31.297804,-14.605618,56.766037,-43.595047,-8.249355,56.766041,33.102921,-4.508141,56.766037,-44.431870,1.848122,56.766041,32.266106,5.461861,56.766037,-42.626755,11.384956,56.766041,28.844381,14.624947,56.766037,-38.302704,19.711220,56.766041,23.070936,22.356659,56.766037,-31.754442,26.259499,56.766041,15.339224,28.130104,56.766037,-23.428179,30.583534,56.766041,6.176138,31.551834,56.766037,-13.891336,32.388649,56.766041,-3.793863],

    "morphTargets": [],

    "normals": [0.000000,-1.000000,0.000000,0.000000,-0.999969,0.000000,0.977264,0.000000,-0.211951,0.998810,0.000000,0.048189,0.952300,0.000000,0.305063,0.840907,0.000000,0.541154,0.672201,0.000000,0.740349,0.457656,0.000000,0.889096,0.211951,0.000000,0.977264,-0.048189,0.000000,0.998810,-0.305063,0.000000,0.952300,-0.541154,0.000000,0.840907,-0.740349,0.000000,0.672201,-0.889096,0.000000,0.457656,-0.977264,0.000000,0.211951,-0.998810,0.000000,-0.048189,-0.952300,0.000000,-0.305063,-0.840907,0.000000,-0.541154,-0.672201,0.000000,-0.740349,-0.457656,0.000000,-0.889096,-0.211951,0.000000,-0.977264,0.048189,0.000000,-0.998810,0.305063,0.000000,-0.952300,0.541154,0.000000,-0.840907,0.740349,0.000000,-0.672201,0.889096,0.000000,-0.457656,0.000000,1.000000,0.000000,0.000000,0.999969,0.000000],

    "colors": [],

    "uvs": [[]],

    "faces": [34,0,1,2,0,0,0,0,34,1,0,3,0,0,0,0,34,3,0,4,0,0,0,0,34,3,4,5,0,0,0,0,34,5,4,6,0,0,0,0,34,5,6,7,0,0,0,0,34,7,6,8,0,0,0,0,34,7,8,9,0,0,0,0,34,9,8,10,0,0,0,0,34,9,10,11,0,0,0,0,34,11,10,12,0,0,0,0,34,11,12,13,0,0,0,0,34,13,12,14,0,0,0,0,34,13,14,15,0,0,0,0,34,15,14,16,0,0,0,0,34,15,16,17,0,0,0,1,34,17,16,18,0,1,0,0,34,17,18,19,0,1,0,0,34,19,18,20,0,0,0,0,34,19,20,21,0,0,0,0,34,21,20,22,0,0,0,0,34,21,22,23,0,0,0,0,34,24,25,26,0,2,3,3,34,25,24,27,0,3,2,2,34,26,28,29,0,3,4,4,34,28,26,25,0,4,3,3,34,29,30,31,0,4,5,5,34,30,29,28,0,5,4,4,34,31,32,33,0,5,6,6,34,32,31,30,0,6,5,5,34,32,34,33,0,6,7,6,34,34,32,35,0,7,6,7,34,35,36,34,0,7,8,7,34,36,35,37,0,8,7,8,34,37,38,36,0,8,9,8,34,38,37,39,0,9,8,9,34,39,40,38,0,9,10,9,34,40,39,41,0,10,9,10,34,41,42,40,0,10,11,10,34,42,41,43,0,11,10,11,34,43,44,42,0,11,12,11,34,44,43,45,0,12,11,12,34,46,44,45,0,13,12,12,34,44,46,47,0,12,13,13,34,48,47,46,0,14,13,13,34,47,48,49,0,13,14,14,34,50,49,48,0,15,14,14,34,49,50,51,0,14,15,15,34,52,51,50,0,16,15,15,34,51,52,53,0,15,16,16,34,54,53,52,0,17,16,16,34,53,54,55,0,16,17,17,34,56,55,54,0,18,17,17,34,55,56,57,0,17,18,18,34,56,58,57,0,18,19,18,34,58,56,59,0,19,18,19,34,59,60,58,0,19,20,19,34,60,59,61,0,20,19,20,34,61,62,60,0,20,21,20,34,62,61,63,0,21,20,21,34,63,64,62,0,21,22,21,34,64,63,65,0,22,21,22,34,65,66,64,0,22,23,22,34,66,65,67,0,23,22,23,34,67,68,66,0,23,24,23,34,68,67,69,0,24,23,24,34,68,70,71,0,24,25,25,34,70,68,69,0,25,24,24,34,71,27,24,0,25,2,2,34,27,71,70,0,2,25,25,34,72,73,74,0,26,26,26,34,73,72,75,0,26,26,26,34,73,75,76,0,26,26,26,34,76,75,77,0,26,26,26,34,76,77,78,0,26,26,26,34,78,77,79,0,26,26,26,34,78,79,80,0,26,26,26,34,80,79,81,0,26,26,26,34,80,81,82,0,26,26,26,34,82,81,83,0,26,26,26,34,82,83,84,0,26,26,26,34,84,83,85,0,26,26,26,34,84,85,86,0,26,26,26,34,86,85,87,0,26,26,26,34,86,87,88,0,26,26,26,34,88,87,89,0,26,26,27,34,88,89,90,0,26,27,26,34,90,89,91,0,26,27,26,34,90,91,92,0,26,26,26,34,92,91,93,0,26,26,26,34,92,93,94,0,26,26,26,34,94,93,95,0,26,26,26]



}
