{
   "metadata" :
   {
      "formatVersion": 3,
      "generatedBy": "Blender 2.62 Exporter",
      "vertices": 8,
      "faces": 6,
      "normals": 8,
      "colors": 9,
      "uvs": 0,
      "materials": 1,
      "morphTargets": 0
   },
   "scale" : 1.000000,
   "materials":
   [{
      "DbgColor": 15658734,
	  "DbgIndex" : 0,
	  "DbgName": "Material",
	  "colorAmbient": [0.0, 0.0, 0.0],
	  "colorDiffuse": [0.6400000190734865, 0.6400000190734865, 0.6400000190734865],
	  "colorSpecular": [0.5, 0.5, 0.5],
	  "shading" : "Lambert",
	  "specularCoef" : 50,
	  "transparency" : 1.0,
	  "vertexColors" : true
   }],
   "vertices": [-0.961978,1.042977,1.166115,-0.961978,1.042977,3.166115,-2.961978,1.042977,3.166115,-2.961977,1.042977,1.166115,-0.961977,3.042977,1.166116,-0.961978,3.042977,3.166116,-2.961978,3.042977,3.166115,-2.961978,3.042977,1.166115],
   "morphTargets": [],
   "normals": [0.577349,-0.577349,-0.577349,0.577349,-0.577349,0.577349,-0.577349,-0.577349,0.577349,-0.577349,-0.577349,-0.577349,0.577349,0.577349,-0.577349,-0.577349,0.577349,-0.577349,-0.577349,0.577349,0.577349,0.577349,0.577349,0.577349],
   "colors": [16777215,16754596,16773559,16754338,11978239,13696981,16774586,16318457,16774645],
   "uvs": [[]],
   "faces": [163,0,1,2,3,0,0,1,2,3,0,0,0,0,163,4,7,6,5,0,4,5,6,7,1,2,0,0,163,0,4,5,1,0,0,4,7,1,3,1,0,4,163,1,5,6,2,0,1,7,6,2,4,0,0,5,163,2,6,7,3,0,2,6,5,3,5,0,6,7,163,4,0,3,7,0,4,0,3,5,1,3,0,8]
}