{

    "metadata" :
    {
        "formatVersion" : 3,
        "generatedBy"   : "Blender 2.62 Exporter",
        "vertices"      : 24,
        "faces"         : 22,
        "normals"       : 2,
        "colors"        : 0,
        "uvs"           : 0,
        "materials"     : 1,
        "morphTargets"  : 0
    },

    "scale" : 1.000000,

    "materials": [	{
	"DbgColor" : 15658734,
	"DbgIndex" : 0,
	"DbgName" : "material_7",
	"colorAmbient" : [0.0, 0.0, 0.0],
	"colorDiffuse" : [0.800000011920929, 0.800000011920929, 0.800000011920929],
	"colorSpecular" : [0.5, 0.5, 0.5],
	"shading" : "Lambert",
	"specularCoef" : 50,
	"transparency" : 1.0,
	"vertexColors" : false
	},

	{
	"DbgColor" : 15597568,
	"DbgIndex" : 1,
	"DbgName" : "Material",
	"colorAmbient" : [0.0, 0.0, 0.0],
	"colorDiffuse" : [0.6400000190734865, 0.6400000190734865, 0.6400000190734865],
	"colorSpecular" : [0.5, 0.5, 0.5],
	"shading" : "Lambert",
	"specularCoef" : 50,
	"transparency" : 1.0,
	"vertexColors" : false
	}],

    "vertices": [-37.452366,15.278899,-11.740059,-38.420666,15.278900,8.327423,-39.257484,15.278900,-1.770050,-34.998940,15.278901,17.864258,-33.128334,15.278899,-20.903145,-29.225494,15.278901,26.190521,-26.580057,15.278899,-28.634850,-21.493778,15.278902,32.738800,-18.253790,15.278898,-34.408287,-12.330698,15.278902,37.062828,-8.716957,15.278898,-37.830025,-2.360695,15.278902,38.867943,1.380520,15.278898,-38.666847,7.736782,15.278902,38.031128,11.350521,15.278898,-36.861732,17.273617,15.278902,34.609406,20.513607,15.278899,-32.537682,25.599880,15.278901,28.835960,28.245319,15.278899,-25.989418,32.148159,15.278901,21.104248,34.018764,15.278899,-17.663155,36.472195,15.278901,11.941162,37.440495,15.278900,-8.126312,38.277309,15.278900,1.971161],

    "morphTargets": [],

    "normals": [0.000000,-0.999969,0.000000,0.000000,-1.000000,0.000000],

    "colors": [],

    "uvs": [[]],

    "faces": [34,0,1,2,0,0,0,1,34,1,0,3,0,0,0,1,34,3,0,4,0,1,0,1,34,3,4,5,0,1,1,1,34,5,4,6,0,1,1,1,34,5,6,7,0,1,1,1,34,7,6,8,0,1,1,1,34,7,8,9,0,1,1,1,34,9,8,10,0,1,1,1,34,9,10,11,0,1,1,1,34,11,10,12,0,1,1,1,34,11,12,13,0,1,1,1,34,13,12,14,0,1,1,1,34,13,14,15,0,1,1,1,34,15,14,16,0,1,1,1,34,15,16,17,0,1,1,0,34,17,16,18,0,0,1,1,34,17,18,19,0,0,1,1,34,19,18,20,0,1,1,1,34,19,20,21,0,1,1,1,34,21,20,22,0,1,1,1,34,21,22,23,0,1,1,1]



}
